{"cameraMode":{"drawMode":0,"name":"Shaded","section":"Shading Mode"},"sceneLighting":true,"audioPlay":false,"sceneViewState":{"m_AlwaysRefresh":false,"showFog":true,"showSkybox":false,"showFlares":true,"showImageEffects":true,"showParticleSystems":true,"showVisualEffectGraphs":true,"m_FxEnabled":true},"in2DMode":false,"pivot":{"x":0.9511422514915466,"y":-1.6809837818145753,"z":0.6586339473724365},"rotation":{"x":0.01107244472950697,"y":-0.7709668278694153,"z":0.013420631177723408,"w":0.6366802453994751},"size":1.8949635028839112,"orthographic":false}