{"cameraMode":{"drawMode":0,"name":"Shaded","section":"Shading Mode"},"sceneLighting":false,"audioPlay":false,"sceneViewState":{"m_AlwaysRefresh":false,"showFog":true,"showSkybox":false,"showFlares":true,"showImageEffects":true,"showParticleSystems":true,"showVisualEffectGraphs":true,"m_FxEnabled":true},"in2DMode":false,"pivot":{"x":-1.6135189533233643,"y":-0.30932146310806277,"z":-1.0308483839035035},"rotation":{"x":0.07437862455844879,"y":-0.9254477024078369,"z":0.2780231535434723,"w":0.2468152642250061},"size":0.7299771904945374,"orthographic":false}