{"cameraMode":{"drawMode":0,"name":"Shaded","section":"Shading Mode"},"sceneLighting":false,"audioPlay":false,"sceneViewState":{"m_AlwaysRefresh":false,"showFog":true,"showSkybox":false,"showFlares":true,"showImageEffects":true,"showParticleSystems":true,"showVisualEffectGraphs":true,"m_FxEnabled":true},"in2DMode":false,"pivot":{"x":0.8944770097732544,"y":-0.8749071359634399,"z":0.035757362842559817},"rotation":{"x":0.18497779965400697,"y":-0.7461100816726685,"z":0.5964305400848389,"w":0.23122897744178773},"size":0.7760721445083618,"orthographic":false}