{"cameraMode":{"drawMode":0,"name":"Shaded","section":"Shading Mode"},"sceneLighting":false,"audioPlay":false,"sceneViewState":{"m_AlwaysRefresh":false,"showFog":true,"showSkybox":false,"showFlares":true,"showImageEffects":true,"showParticleSystems":true,"showVisualEffectGraphs":true,"m_FxEnabled":true},"in2DMode":false,"pivot":{"x":0.04513263702392578,"y":0.430999755859375,"z":0.04199981689453125},"rotation":{"x":0.11365598440170288,"y":-0.789127767086029,"z":0.5837448239326477,"w":0.1536451280117035},"size":16.157564163208009,"orthographic":false}