{"cameraMode":{"drawMode":0,"name":"Shaded","section":"Shading Mode"},"sceneLighting":false,"audioPlay":false,"sceneViewState":{"m_AlwaysRefresh":false,"showFog":true,"showSkybox":false,"showFlares":true,"showImageEffects":true,"showParticleSystems":true,"showVisualEffectGraphs":true,"m_FxEnabled":true},"in2DMode":false,"pivot":{"x":0.8610769510269165,"y":-0.9028170108795166,"z":0.5891278386116028},"rotation":{"x":0.2243925929069519,"y":-0.7597062587738037,"z":0.511391282081604,"w":0.33323627710342409},"size":0.47668594121932986,"orthographic":false}