{"cameraMode":{"drawMode":0,"name":"Shaded","section":"Shading Mode"},"sceneLighting":false,"audioPlay":false,"sceneViewState":{"m_AlwaysRefresh":false,"showFog":true,"showSkybox":false,"showFlares":true,"showImageEffects":true,"showParticleSystems":true,"showVisualEffectGraphs":true,"m_FxEnabled":true},"in2DMode":false,"pivot":{"x":0.013499990105628968,"y":0.6456000208854675,"z":-0.19499999284744264},"rotation":{"x":0.17962901294231416,"y":-0.8145626783370972,"z":0.33226528763771059,"w":0.4403383433818817},"size":0.8660253882408142,"orthographic":false}