{"cameraMode":{"drawMode":0,"name":"Shaded","section":"Shading Mode"},"sceneLighting":false,"audioPlay":false,"sceneViewState":{"m_AlwaysRefresh":false,"showFog":true,"showSkybox":false,"showFlares":true,"showImageEffects":true,"showParticleSystems":true,"showVisualEffectGraphs":true,"m_FxEnabled":true},"in2DMode":false,"pivot":{"x":-0.07674984633922577,"y":0.19252285361289979,"z":-0.10770422220230103},"rotation":{"x":0.1062200739979744,"y":-0.04118635505437851,"z":0.004241213668137789,"w":0.9935398101806641},"size":0.7836565971374512,"orthographic":false}