{"cameraMode":{"drawMode":0,"name":"Shaded","section":"Shading Mode"},"sceneLighting":false,"audioPlay":false,"sceneViewState":{"m_AlwaysRefresh":false,"showFog":true,"showSkybox":false,"showFlares":true,"showImageEffects":true,"showParticleSystems":true,"showVisualEffectGraphs":true,"m_FxEnabled":true},"in2DMode":false,"pivot":{"x":0.005930870771408081,"y":0.03637039661407471,"z":0.007158547639846802},"rotation":{"x":0.20231427252292634,"y":-0.7401095628738403,"z":0.2542925179004669,"w":0.58904629945755},"size":2.656805992126465,"orthographic":false}