{"cameraMode":{"drawMode":0,"name":"Shaded","section":"Shading Mode"},"sceneLighting":false,"audioPlay":false,"sceneViewState":{"m_AlwaysRefresh":false,"showFog":true,"showSkybox":false,"showFlares":true,"showImageEffects":true,"showParticleSystems":true,"showVisualEffectGraphs":true,"m_FxEnabled":true},"in2DMode":false,"pivot":{"x":-1.8440691232681275,"y":0.03637039661407471,"z":0.007158547639846802},"rotation":{"x":0.05150478705763817,"y":-0.9253469109535217,"z":0.3502194881439209,"w":0.13615506887435914},"size":1.156806230545044,"orthographic":false}