{"cameraMode":{"drawMode":0,"name":"Shaded","section":"Shading Mode"},"sceneLighting":true,"audioPlay":false,"sceneViewState":{"m_AlwaysRefresh":false,"showFog":true,"showSkybox":false,"showFlares":true,"showImageEffects":true,"showParticleSystems":true,"showVisualEffectGraphs":true,"m_FxEnabled":true},"in2DMode":false,"pivot":{"x":0.0015683174133300782,"y":3.249840497970581,"z":0.030383586883544923},"rotation":{"x":0.07123968750238419,"y":-0.8984413743019104,"z":0.15875715017318726,"w":0.4031558632850647},"size":10.110750198364258,"orthographic":false}