{"cameraMode":{"drawMode":0,"name":"Shaded","section":"Shading Mode"},"sceneLighting":false,"audioPlay":false,"sceneViewState":{"m_AlwaysRefresh":false,"showFog":true,"showSkybox":false,"showFlares":true,"showImageEffects":true,"showParticleSystems":true,"showVisualEffectGraphs":true,"m_FxEnabled":true},"in2DMode":false,"pivot":{"x":0.005930870771408081,"y":0.03637039661407471,"z":0.007158547639846802},"rotation":{"x":0.06088263541460037,"y":-0.8882927298545837,"z":0.12270861864089966,"w":0.4386107325553894},"size":0.556806206703186,"orthographic":false}