{"cameraMode":{"drawMode":0,"name":"Shaded","section":"Shading Mode"},"sceneLighting":true,"audioPlay":false,"sceneViewState":{"m_AlwaysRefresh":false,"showFog":true,"showSkybox":false,"showFlares":true,"showImageEffects":true,"showParticleSystems":true,"showVisualEffectGraphs":true,"m_FxEnabled":true},"in2DMode":false,"pivot":{"x":0.028499841690063478,"y":0.611981987953186,"z":1.2395000457763672},"rotation":{"x":0.20532068610191346,"y":-0.7148026823997498,"z":0.23432764410972596,"w":0.6261769533157349},"size":2.5405068397521974,"orthographic":false}