{"cameraMode":{"drawMode":0,"name":"Shaded","section":"Shading Mode"},"sceneLighting":true,"audioPlay":false,"sceneViewState":{"m_AlwaysRefresh":false,"showFog":true,"showSkybox":true,"showFlares":true,"showImageEffects":true,"showParticleSystems":true,"showVisualEffectGraphs":true,"m_FxEnabled":true},"in2DMode":false,"pivot":{"x":-0.005999777000397444,"y":0.2779991626739502,"z":1.0069997310638428},"rotation":{"x":0.20231427252292634,"y":-0.7401095628738403,"z":0.2542925179004669,"w":0.58904629945755},"size":1.6956579685211182,"orthographic":false}