{"cameraMode":{"drawMode":0,"name":"Shaded","section":"Shading Mode"},"sceneLighting":true,"audioPlay":false,"sceneViewState":{"m_AlwaysRefresh":false,"showFog":true,"showSkybox":true,"showFlares":true,"showImageEffects":true,"showParticleSystems":true,"showVisualEffectGraphs":true,"m_FxEnabled":true},"in2DMode":false,"pivot":{"x":0.27493083477020266,"y":0.14346569776535035,"z":0.5148496627807617},"rotation":{"x":-0.07163768261671066,"y":0.723775327205658,"z":-0.07569790631532669,"w":-0.682327389717102},"size":0.5598132610321045,"orthographic":true}