{"cameraMode":{"drawMode":0,"name":"Shaded","section":"Shading Mode"},"sceneLighting":true,"audioPlay":false,"sceneViewState":{"m_AlwaysRefresh":false,"showFog":true,"showSkybox":true,"showFlares":true,"showImageEffects":true,"showParticleSystems":true,"showVisualEffectGraphs":true,"m_FxEnabled":true},"in2DMode":false,"pivot":{"x":0.804279088973999,"y":-0.5284519195556641,"z":0.8024851679801941},"rotation":{"x":0.017443737015128137,"y":-0.836310863494873,"z":0.026595838367938997,"w":0.5474487543106079},"size":0.5911946296691895,"orthographic":false}