{"cameraMode":{"drawMode":0,"name":"Shaded","section":"Shading Mode"},"sceneLighting":true,"audioPlay":false,"sceneViewState":{"m_AlwaysRefresh":false,"showFog":true,"showSkybox":true,"showFlares":true,"showImageEffects":true,"showParticleSystems":true,"showVisualEffectGraphs":true,"m_FxEnabled":true},"in2DMode":false,"pivot":{"x":1.7399336099624634,"y":-0.42273271083831789,"z":1.185847520828247},"rotation":{"x":0.09492004662752152,"y":-0.8887629508972168,"z":0.21410521864891053,"w":0.3940184712409973},"size":1.234981894493103,"orthographic":true}