{"cameraMode":{"drawMode":0,"name":"Shaded","section":"Shading Mode"},"sceneLighting":true,"audioPlay":false,"sceneViewState":{"m_AlwaysRefresh":false,"showFog":true,"showSkybox":true,"showFlares":true,"showImageEffects":true,"showParticleSystems":true,"showVisualEffectGraphs":true,"m_FxEnabled":true},"in2DMode":false,"pivot":{"x":0.9329962134361267,"y":0.3059955835342407,"z":0.9739973545074463},"rotation":{"x":-0.019766915589571,"y":0.9782950282096863,"z":-0.17379920184612275,"w":-0.11172037571668625},"size":2.2016141414642336,"orthographic":false}