{"cameraMode":{"drawMode":0,"name":"Shaded","section":"Shading Mode"},"sceneLighting":true,"audioPlay":false,"sceneViewState":{"m_AlwaysRefresh":false,"showFog":true,"showSkybox":true,"showFlares":true,"showImageEffects":true,"showParticleSystems":true,"showVisualEffectGraphs":true,"m_FxEnabled":true},"in2DMode":false,"pivot":{"x":-2.4539031982421877,"y":-0.2404865324497223,"z":0.5965271592140198},"rotation":{"x":-0.25348204374313357,"y":0.7451362609863281,"z":-0.40894487500190737,"w":-0.4620222747325897},"size":1.2424259185791016,"orthographic":true}