{"cameraMode":{"drawMode":0,"name":"Shaded","section":"Shading Mode"},"sceneLighting":true,"audioPlay":false,"sceneViewState":{"m_AlwaysRefresh":false,"showFog":true,"showSkybox":true,"showFlares":true,"showImageEffects":true,"showParticleSystems":true,"showVisualEffectGraphs":true,"m_FxEnabled":true},"in2DMode":false,"pivot":{"x":-2.792137384414673,"y":-0.0801839604973793,"z":0.10168485343456269},"rotation":{"x":-0.07631634920835495,"y":0.907946765422821,"z":-0.3662324845790863,"w":-0.18928126990795136},"size":1.1254149675369263,"orthographic":true}