{"cameraMode":{"drawMode":0,"name":"Shaded","section":"Shading Mode"},"sceneLighting":true,"audioPlay":false,"sceneViewState":{"m_AlwaysRefresh":false,"showFog":true,"showSkybox":true,"showFlares":true,"showImageEffects":true,"showParticleSystems":true,"showVisualEffectGraphs":true,"m_FxEnabled":true},"in2DMode":false,"pivot":{"x":-0.586903989315033,"y":1.4126607179641724,"z":-0.48062464594841006},"rotation":{"x":-0.05301409959793091,"y":-0.9472054839134216,"z":0.21915675699710847,"w":-0.22849459946155549},"size":2.9392426013946535,"orthographic":false}