{"cameraMode":{"drawMode":0,"name":"Shaded","section":"Shading Mode"},"sceneLighting":true,"audioPlay":false,"sceneViewState":{"m_AlwaysRefresh":false,"showFog":true,"showSkybox":true,"showFlares":true,"showImageEffects":true,"showParticleSystems":true,"showVisualEffectGraphs":true,"m_FxEnabled":true},"in2DMode":false,"pivot":{"x":2.499358892440796,"y":1.308454990386963,"z":0.33190107345581057},"rotation":{"x":0.0629027783870697,"y":0.17309539020061494,"z":-0.011000453494489193,"w":0.9828898906707764},"size":8.362394332885743,"orthographic":true}