{"cameraMode":{"drawMode":0,"name":"Shaded","section":"Shading Mode"},"sceneLighting":true,"audioPlay":false,"sceneViewState":{"m_AlwaysRefresh":false,"showFog":true,"showSkybox":true,"showFlares":true,"showImageEffects":true,"showParticleSystems":true,"showVisualEffectGraphs":true,"m_FxEnabled":true},"in2DMode":false,"pivot":{"x":-0.25467056035995486,"y":3.1546170711517336,"z":-1.4660217761993409},"rotation":{"x":-0.1296604424715042,"y":0.8295252323150635,"z":-0.21569879353046418,"w":-0.4985973536968231},"size":6.074986934661865,"orthographic":false}