{"cameraMode":{"drawMode":0,"name":"Shaded","section":"Shading Mode"},"sceneLighting":true,"audioPlay":false,"sceneViewState":{"m_AlwaysRefresh":false,"showFog":true,"showSkybox":true,"showFlares":true,"showImageEffects":true,"showParticleSystems":true,"showVisualEffectGraphs":true,"m_FxEnabled":true},"in2DMode":false,"pivot":{"x":0.8204108476638794,"y":-0.9664329886436462,"z":0.7050825357437134},"rotation":{"x":-0.041956592351198199,"y":0.8875624537467957,"z":-0.45129650831222536,"w":-0.0825175791978836},"size":2.055384397506714,"orthographic":false}