{"cameraMode":{"drawMode":0,"name":"Shaded","section":"Shading Mode"},"sceneLighting":true,"audioPlay":false,"sceneViewState":{"m_AlwaysRefresh":false,"showFog":true,"showSkybox":true,"showFlares":true,"showImageEffects":true,"showParticleSystems":true,"showVisualEffectGraphs":true,"m_FxEnabled":true},"in2DMode":false,"pivot":{"x":-0.060191571712493899,"y":-0.5116217732429504,"z":1.413856863975525},"rotation":{"x":-0.02373022958636284,"y":0.8848430514335632,"z":-0.46335268020629885,"w":-0.04511265456676483},"size":1.794284462928772,"orthographic":true}