{"cameraMode":{"drawMode":0,"name":"Shaded","section":"Shading Mode"},"sceneLighting":true,"audioPlay":false,"sceneViewState":{"m_AlwaysRefresh":false,"showFog":true,"showSkybox":true,"showFlares":true,"showImageEffects":true,"showParticleSystems":true,"showVisualEffectGraphs":true,"m_FxEnabled":true},"in2DMode":false,"pivot":{"x":1.982353687286377,"y":-0.13907134532928468,"z":0.44765421748161318},"rotation":{"x":-0.10253332555294037,"y":0.8949267268180847,"z":-0.34084147214889529,"w":-0.2692049741744995},"size":0.8875555396080017,"orthographic":false}