{"cameraMode":{"drawMode":0,"name":"Shaded","section":"Shading Mode"},"sceneLighting":true,"audioPlay":false,"sceneViewState":{"m_AlwaysRefresh":false,"showFog":true,"showSkybox":true,"showFlares":true,"showImageEffects":true,"showParticleSystems":true,"showVisualEffectGraphs":true,"m_FxEnabled":true},"in2DMode":false,"pivot":{"x":0.0040000081062316898,"y":3.254999876022339,"z":2.6389999389648439},"rotation":{"x":0.012450377456843853,"y":0.964942991733551,"z":-0.2580507695674896,"w":0.046647872775793079},"size":1.4382017850875855,"orthographic":false}