{"cameraMode":{"drawMode":0,"name":"Shaded","section":"Shading Mode"},"sceneLighting":true,"audioPlay":false,"sceneViewState":{"m_AlwaysRefresh":false,"showFog":true,"showSkybox":true,"showFlares":true,"showImageEffects":true,"showParticleSystems":true,"showVisualEffectGraphs":true,"m_FxEnabled":true},"in2DMode":false,"pivot":{"x":-1.1925216913223267,"y":0.22650885581970216,"z":1.3810093402862549},"rotation":{"x":-0.039752066135406497,"y":0.9154096245765686,"z":-0.38952311873435976,"w":-0.09341806918382645},"size":1.1494178771972657,"orthographic":false}