{"cameraMode":{"drawMode":0,"name":"Shaded","section":"Shading Mode"},"sceneLighting":true,"audioPlay":false,"sceneViewState":{"m_AlwaysRefresh":false,"showFog":true,"showSkybox":true,"showFlares":true,"showImageEffects":true,"showParticleSystems":true,"showVisualEffectGraphs":true,"m_FxEnabled":true},"in2DMode":false,"pivot":{"x":0.817734956741333,"y":-0.7376287579536438,"z":0.3175239562988281},"rotation":{"x":0.20394663512706757,"y":-0.06281543523073197,"z":0.013106205500662327,"w":0.9769217371940613},"size":1.3975460529327393,"orthographic":false}