{"cameraMode":{"drawMode":0,"name":"Shaded","section":"Shading Mode"},"sceneLighting":true,"audioPlay":false,"sceneViewState":{"m_AlwaysRefresh":false,"showFog":true,"showSkybox":true,"showFlares":true,"showImageEffects":true,"showParticleSystems":true,"showVisualEffectGraphs":true,"m_FxEnabled":true},"in2DMode":false,"pivot":{"x":0.6988521218299866,"y":1.277461290359497,"z":-0.03787127137184143},"rotation":{"x":-0.06331796944141388,"y":-0.8656533360481262,"z":0.4835267663002014,"w":-0.11335109919309616},"size":2.8924989700317385,"orthographic":true}