{"cameraMode":{"drawMode":0,"name":"Shaded","section":"Shading Mode"},"sceneLighting":true,"audioPlay":false,"sceneViewState":{"m_AlwaysRefresh":false,"showFog":true,"showSkybox":true,"showFlares":true,"showImageEffects":true,"showParticleSystems":true,"showVisualEffectGraphs":true,"m_FxEnabled":true},"in2DMode":false,"pivot":{"x":1.0079998970031739,"y":0.7754999399185181,"z":2.453000068664551},"rotation":{"x":-0.10317911952733994,"y":0.6857661008834839,"z":-0.09890098869800568,"w":-0.7138346433639526},"size":2.764425277709961,"orthographic":true}