{"cameraMode":{"drawMode":0,"name":"Shaded","section":"Shading Mode"},"sceneLighting":true,"audioPlay":false,"sceneViewState":{"m_AlwaysRefresh":false,"showFog":true,"showSkybox":true,"showFlares":true,"showImageEffects":true,"showParticleSystems":true,"showVisualEffectGraphs":true,"m_FxEnabled":true},"in2DMode":false,"pivot":{"x":1.7630000114440919,"y":-1.020878791809082,"z":0.9547708034515381},"rotation":{"x":0.010660271160304547,"y":-0.8178674578666687,"z":0.5751588940620422,"w":0.015255950391292572},"size":0.7066474556922913,"orthographic":true}