{"cameraMode":{"drawMode":0,"name":"Shaded","section":"Shading Mode"},"sceneLighting":false,"audioPlay":false,"sceneViewState":{"m_AlwaysRefresh":false,"showFog":true,"showSkybox":true,"showFlares":true,"showImageEffects":true,"showParticleSystems":true,"showVisualEffectGraphs":true,"m_FxEnabled":true},"in2DMode":false,"pivot":{"x":0.5200815200805664,"y":-1.5822169780731202,"z":1.011465072631836},"rotation":{"x":-0.08261927217245102,"y":0.866023600101471,"z":-0.15318794548511506,"w":-0.46920570731163027},"size":2.0023088455200197,"orthographic":false}