{"cameraMode":{"drawMode":0,"name":"Shaded","section":"Shading Mode"},"sceneLighting":true,"audioPlay":false,"sceneViewState":{"m_AlwaysRefresh":false,"showFog":true,"showSkybox":true,"showFlares":true,"showImageEffects":true,"showParticleSystems":true,"showVisualEffectGraphs":true,"m_FxEnabled":true},"in2DMode":false,"pivot":{"x":-0.0044459253549575809,"y":0.3027880787849426,"z":-0.7130851149559021},"rotation":{"x":0.10914535075426102,"y":-0.8899054527282715,"z":0.2908763289451599,"w":0.3340780735015869},"size":3.4579176902770998,"orthographic":true}