{"cameraMode":{"drawMode":0,"name":"Shaded","section":"Shading Mode"},"sceneLighting":true,"audioPlay":false,"sceneViewState":{"m_AlwaysRefresh":false,"showFog":true,"showSkybox":true,"showFlares":true,"showImageEffects":true,"showParticleSystems":true,"showVisualEffectGraphs":true,"m_FxEnabled":true},"in2DMode":false,"pivot":{"x":0.7821348905563355,"y":1.0219221115112305,"z":-0.19505274295806886},"rotation":{"x":-0.03819911554455757,"y":0.7018612623214722,"z":-0.7103332281112671,"w":-0.0377153642475605},"size":0.14865748584270478,"orthographic":false}