{"cameraMode":{"drawMode":0,"name":"Shaded","section":"Shading Mode"},"sceneLighting":false,"audioPlay":false,"sceneViewState":{"m_AlwaysRefresh":false,"showFog":true,"showSkybox":false,"showFlares":true,"showImageEffects":true,"showParticleSystems":true,"showVisualEffectGraphs":true,"m_FxEnabled":true},"in2DMode":false,"pivot":{"x":-0.3794683814048767,"y":0.02905404567718506,"z":-0.11579608917236328},"rotation":{"x":0.21430625021457673,"y":0.7632815837860107,"z":-0.5232102274894714,"w":0.3126988708972931},"size":1.8392871618270875,"orthographic":false}