{"cameraMode":{"drawMode":0,"name":"Shaded","section":"Shading Mode"},"sceneLighting":false,"audioPlay":false,"sceneViewState":{"m_AlwaysRefresh":false,"showFog":true,"showSkybox":false,"showFlares":true,"showImageEffects":true,"showParticleSystems":true,"showVisualEffectGraphs":true,"m_FxEnabled":true},"in2DMode":false,"pivot":{"x":0.005930870771408081,"y":0.03637039661407471,"z":0.007158547639846802},"rotation":{"x":0.04786079004406929,"y":-0.9207903742790222,"z":0.36880743503570559,"w":0.1187259703874588},"size":0.556806206703186,"orthographic":false}