{"cameraMode":{"drawMode":0,"name":"Shaded","section":"Shading Mode"},"sceneLighting":false,"audioPlay":false,"sceneViewState":{"m_AlwaysRefresh":false,"showFog":true,"showSkybox":false,"showFlares":true,"showImageEffects":true,"showParticleSystems":true,"showVisualEffectGraphs":true,"m_FxEnabled":true},"in2DMode":false,"pivot":{"x":-0.0017403960227966309,"y":0.23642843961715699,"z":-0.4914393424987793},"rotation":{"x":0.22626841068267823,"y":-0.2283940613269806,"z":0.054573994129896167,"w":0.9453981518745422},"size":1.0634369850158692,"orthographic":false}