{"cameraMode":{"drawMode":0,"name":"Shaded","section":"Shading Mode"},"sceneLighting":false,"audioPlay":false,"sceneViewState":{"m_AlwaysRefresh":false,"showFog":true,"showSkybox":false,"showFlares":true,"showImageEffects":true,"showParticleSystems":true,"showVisualEffectGraphs":true,"m_FxEnabled":true},"in2DMode":false,"pivot":{"x":0.927112340927124,"y":-0.8752813339233398,"z":0.6774579286575317},"rotation":{"x":0.09454009681940079,"y":-0.8892821073532105,"z":0.39327961206436159,"w":0.21363577246665955},"size":0.7130001187324524,"orthographic":true}