{"cameraMode":{"drawMode":0,"name":"Shaded","section":"Shading Mode"},"sceneLighting":false,"audioPlay":false,"sceneViewState":{"m_AlwaysRefresh":false,"showFog":true,"showSkybox":false,"showFlares":true,"showImageEffects":true,"showParticleSystems":true,"showVisualEffectGraphs":true,"m_FxEnabled":true},"in2DMode":false,"pivot":{"x":0.04374764859676361,"y":0.048345137387514117,"z":0.06909877806901932},"rotation":{"x":-0.03064984641969204,"y":-0.6773075461387634,"z":0.7345178127288818,"w":-0.028262585401535035},"size":0.5368320345878601,"orthographic":true}