{"cameraMode":{"drawMode":0,"name":"Shaded","section":"Shading Mode"},"sceneLighting":false,"audioPlay":false,"sceneViewState":{"m_AlwaysRefresh":false,"showFog":true,"showSkybox":false,"showFlares":true,"showImageEffects":true,"showParticleSystems":true,"showVisualEffectGraphs":true,"m_FxEnabled":true},"in2DMode":false,"pivot":{"x":-0.03500008583068848,"y":0.15799999237060548,"z":-0.0019998550415039064},"rotation":{"x":0.07437862455844879,"y":-0.9254477024078369,"z":0.2780231535434723,"w":0.2468152642250061},"size":4.611586093902588,"orthographic":false}