{"cameraMode":{"drawMode":0,"name":"Shaded","section":"Shading Mode"},"sceneLighting":true,"audioPlay":false,"sceneViewState":{"m_AlwaysRefresh":false,"showFog":true,"showSkybox":true,"showFlares":true,"showImageEffects":true,"showParticleSystems":true,"showVisualEffectGraphs":true,"m_FxEnabled":true},"in2DMode":false,"pivot":{"x":-3.1490821838378908,"y":1.513975977897644,"z":0.9268665313720703},"rotation":{"x":-0.010999582707881928,"y":0.8993804454803467,"z":-0.4364597797393799,"w":-0.022669168189167978},"size":3.0980968475341799,"orthographic":false}