{"cameraMode":{"drawMode":0,"name":"Shaded","section":"Shading Mode"},"sceneLighting":false,"audioPlay":false,"sceneViewState":{"m_AlwaysRefresh":false,"showFog":true,"showSkybox":false,"showFlares":true,"showImageEffects":true,"showParticleSystems":true,"showVisualEffectGraphs":true,"m_FxEnabled":true},"in2DMode":false,"pivot":{"x":0.048189014196395877,"y":0.04925789311528206,"z":0.03713534399867058},"rotation":{"x":-0.16254642605781556,"y":0.773619532585144,"z":-0.5716012716293335,"w":-0.22015100717544557},"size":3.2358381748199465,"orthographic":false}