{"cameraMode":{"drawMode":0,"name":"Shaded","section":"Shading Mode"},"sceneLighting":false,"audioPlay":false,"sceneViewState":{"m_AlwaysRefresh":false,"showFog":true,"showSkybox":false,"showFlares":true,"showImageEffects":true,"showParticleSystems":true,"showVisualEffectGraphs":true,"m_FxEnabled":true},"in2DMode":false,"pivot":{"x":0.0059999823570251469,"y":-0.2310672402381897,"z":-0.050999999046325687},"rotation":{"x":0.09454009681940079,"y":-0.8892821073532105,"z":0.39327961206436159,"w":0.21363577246665955},"size":1.188423991203308,"orthographic":true}