{"cameraMode":{"drawMode":0,"name":"Shaded","section":"Shading Mode"},"sceneLighting":false,"audioPlay":false,"sceneViewState":{"m_AlwaysRefresh":false,"showFog":true,"showSkybox":false,"showFlares":true,"showImageEffects":true,"showParticleSystems":true,"showVisualEffectGraphs":true,"m_FxEnabled":true},"in2DMode":false,"pivot":{"x":0.8178455829620361,"y":-0.6877931356430054,"z":0.6967713832855225},"rotation":{"x":0.036991529166698459,"y":-0.8683974742889404,"z":0.49019819498062136,"w":0.06549813598394394},"size":0.7374778389930725,"orthographic":true}