{"cameraMode":{"drawMode":0,"name":"Shaded","section":"Shading Mode"},"sceneLighting":false,"audioPlay":false,"sceneViewState":{"m_AlwaysRefresh":false,"showFog":true,"showSkybox":false,"showFlares":true,"showImageEffects":true,"showParticleSystems":true,"showVisualEffectGraphs":true,"m_FxEnabled":true},"in2DMode":false,"pivot":{"x":1.0564159680370722e-7,"y":4.085000038146973,"z":0.6850000023841858},"rotation":{"x":0.32604894042015078,"y":0.2388458400964737,"z":-0.08551391959190369,"w":0.9106781482696533},"size":4.482236862182617,"orthographic":false}