{"cameraMode":{"drawMode":0,"name":"Shaded","section":"Shading Mode"},"sceneLighting":false,"audioPlay":false,"sceneViewState":{"m_AlwaysRefresh":false,"showFog":true,"showSkybox":false,"showFlares":true,"showImageEffects":true,"showParticleSystems":true,"showVisualEffectGraphs":true,"m_FxEnabled":true},"in2DMode":false,"pivot":{"x":-0.9142630696296692,"y":-1.0597963333129883,"z":0.7261906862258911},"rotation":{"x":0.043030623346567157,"y":-0.8874552249908447,"z":0.4512302875518799,"w":0.08430662006139755},"size":0.54851233959198,"orthographic":false}