{"cameraMode":{"drawMode":0,"name":"Shaded","section":"Shading Mode"},"sceneLighting":false,"audioPlay":false,"sceneViewState":{"m_AlwaysRefresh":false,"showFog":true,"showSkybox":false,"showFlares":true,"showImageEffects":true,"showParticleSystems":true,"showVisualEffectGraphs":true,"m_FxEnabled":true},"in2DMode":false,"pivot":{"x":-4.383999347686768,"y":0.4010000228881836,"z":0.05099964141845703},"rotation":{"x":0.008959264494478703,"y":-0.9848314523696899,"z":0.16489766538143159,"w":0.05352544039487839},"size":4.2977294921875,"orthographic":false}