{"cameraMode":{"drawMode":0,"name":"Shaded","section":"Shading Mode"},"sceneLighting":true,"audioPlay":false,"sceneViewState":{"m_AlwaysRefresh":false,"showFog":true,"showSkybox":false,"showFlares":true,"showImageEffects":true,"showParticleSystems":true,"showVisualEffectGraphs":true,"m_FxEnabled":true},"in2DMode":false,"pivot":{"x":-4.503978729248047,"y":1.2265669107437134,"z":-0.3702956438064575},"rotation":{"x":0.25207969546318056,"y":0.5715654492378235,"z":-0.19024255871772767,"w":0.7573525309562683},"size":2.8840997219085695,"orthographic":false}