{"cameraMode":{"drawMode":0,"name":"Shaded","section":"Shading Mode"},"sceneLighting":false,"audioPlay":false,"sceneViewState":{"m_AlwaysRefresh":false,"showFog":true,"showSkybox":false,"showFlares":true,"showImageEffects":true,"showParticleSystems":true,"showVisualEffectGraphs":true,"m_FxEnabled":true},"in2DMode":false,"pivot":{"x":1.3774561882019044,"y":-0.7398630976676941,"z":0.764866054058075},"rotation":{"x":0.07415725290775299,"y":-0.7509339451789856,"z":0.6506784558296204,"w":0.08547861129045487},"size":0.5005887746810913,"orthographic":false}