{"cameraMode":{"drawMode":0,"name":"Shaded","section":"Shading Mode"},"sceneLighting":false,"audioPlay":false,"sceneViewState":{"m_AlwaysRefresh":false,"showFog":true,"showSkybox":false,"showFlares":true,"showImageEffects":true,"showParticleSystems":true,"showVisualEffectGraphs":true,"m_FxEnabled":true},"in2DMode":false,"pivot":{"x":-0.001000046730041504,"y":0.0989999771118164,"z":0.02049994468688965},"rotation":{"x":0.07323285937309265,"y":0.9225045442581177,"z":-0.2178460955619812,"w":0.31011247634887698},"size":2.305793523788452,"orthographic":false}