{"cameraMode":{"drawMode":0,"name":"Shaded","section":"Shading Mode"},"sceneLighting":false,"audioPlay":false,"sceneViewState":{"m_AlwaysRefresh":false,"showFog":true,"showSkybox":false,"showFlares":true,"showImageEffects":true,"showParticleSystems":true,"showVisualEffectGraphs":true,"m_FxEnabled":true},"in2DMode":false,"pivot":{"x":-0.5879055261611939,"y":0.02535909414291382,"z":-0.004312336444854736},"rotation":{"x":0.035725172609090808,"y":-0.9642990231513977,"z":0.18026696145534516,"w":0.1910559982061386},"size":0.447804719209671,"orthographic":false}