{"cameraMode":{"drawMode":0,"name":"Shaded","section":"Shading Mode"},"sceneLighting":true,"audioPlay":false,"sceneViewState":{"m_AlwaysRefresh":false,"showFog":true,"showSkybox":false,"showFlares":true,"showImageEffects":true,"showParticleSystems":true,"showVisualEffectGraphs":true,"m_FxEnabled":true},"in2DMode":false,"pivot":{"x":0.732670783996582,"y":0.34863656759262087,"z":-0.7043403387069702},"rotation":{"x":0.15998518466949464,"y":-0.8051557540893555,"z":0.25020337104797366,"w":0.5135205984115601},"size":2.3387882709503176,"orthographic":false}