{"cameraMode":{"drawMode":0,"name":"Shaded","section":"Shading Mode"},"sceneLighting":false,"audioPlay":false,"sceneViewState":{"m_AlwaysRefresh":false,"showFog":true,"showSkybox":false,"showFlares":true,"showImageEffects":true,"showParticleSystems":true,"showVisualEffectGraphs":true,"m_FxEnabled":true},"in2DMode":false,"pivot":{"x":0.0000014901161193847657,"y":3.0160586833953859,"z":-0.14134728908538819},"rotation":{"x":0.03023659624159336,"y":-0.9657105207443237,"z":0.221936896443367,"w":0.1314535290002823},"size":0.9198646545410156,"orthographic":true}