{"cameraMode":{"drawMode":0,"name":"Shaded","section":"Shading Mode"},"sceneLighting":false,"audioPlay":false,"sceneViewState":{"m_AlwaysRefresh":false,"showFog":true,"showSkybox":false,"showFlares":true,"showImageEffects":true,"showParticleSystems":true,"showVisualEffectGraphs":true,"m_FxEnabled":true},"in2DMode":false,"pivot":{"x":-0.0007624970749020577,"y":-0.018120869994163514,"z":0.00011373031884431839},"rotation":{"x":0.07085800915956497,"y":-0.8375411629676819,"z":0.11197564750909805,"w":0.5301142930984497},"size":0.15641997754573823,"orthographic":false}