{"cameraMode":{"drawMode":0,"name":"Shaded","section":"Shading Mode"},"sceneLighting":false,"audioPlay":false,"sceneViewState":{"m_AlwaysRefresh":false,"showFog":true,"showSkybox":false,"showFlares":true,"showImageEffects":true,"showParticleSystems":true,"showVisualEffectGraphs":true,"m_FxEnabled":true},"in2DMode":false,"pivot":{"x":0.18499994277954102,"y":0.5889999866485596,"z":0.20499998331069947},"rotation":{"x":0.037520524114370349,"y":-0.8992211222648621,"z":0.4287288784980774,"w":0.07870002835988999},"size":2.1801598072052,"orthographic":false}