{"cameraMode":{"drawMode":0,"name":"Shaded","section":"Shading Mode"},"sceneLighting":false,"audioPlay":false,"sceneViewState":{"m_AlwaysRefresh":false,"showFog":true,"showSkybox":false,"showFlares":true,"showImageEffects":true,"showParticleSystems":true,"showVisualEffectGraphs":true,"m_FxEnabled":true},"in2DMode":false,"pivot":{"x":1.3012337684631348,"y":1.2826117277145386,"z":-0.8518695831298828},"rotation":{"x":0.09631400555372238,"y":-0.9026706218719482,"z":0.32068055868148806,"w":0.27057525515556338},"size":1.7767469882965088,"orthographic":false}