{"cameraMode":{"drawMode":0,"name":"Shaded","section":"Shading Mode"},"sceneLighting":false,"audioPlay":false,"sceneViewState":{"m_AlwaysRefresh":false,"showFog":true,"showSkybox":false,"showFlares":true,"showImageEffects":true,"showParticleSystems":true,"showVisualEffectGraphs":true,"m_FxEnabled":true},"in2DMode":false,"pivot":{"x":0.0059999823570251469,"y":0.0019327998161315919,"z":0.06099998950958252},"rotation":{"x":-0.07592156529426575,"y":0.7805626392364502,"z":-0.09677989780902863,"w":-0.6129395365715027},"size":0.6571558117866516,"orthographic":false}