{"cameraMode":{"drawMode":0,"name":"Shaded","section":"Shading Mode"},"sceneLighting":false,"audioPlay":false,"sceneViewState":{"m_AlwaysRefresh":false,"showFog":true,"showSkybox":false,"showFlares":true,"showImageEffects":true,"showParticleSystems":true,"showVisualEffectGraphs":true,"m_FxEnabled":true},"in2DMode":false,"pivot":{"x":-0.03799999877810478,"y":0.5090000033378601,"z":-0.05400000140070915},"rotation":{"x":0.07437862455844879,"y":-0.9254477024078369,"z":0.2780231535434723,"w":0.2468152642250061},"size":0.8660253882408142,"orthographic":false}