{"cameraMode":{"drawMode":0,"name":"Shaded","section":"Shading Mode"},"sceneLighting":false,"audioPlay":false,"sceneViewState":{"m_AlwaysRefresh":false,"showFog":true,"showSkybox":false,"showFlares":true,"showImageEffects":true,"showParticleSystems":true,"showVisualEffectGraphs":true,"m_FxEnabled":true},"in2DMode":false,"pivot":{"x":1.68211030960083,"y":-0.8855322599411011,"z":0.687447190284729},"rotation":{"x":-0.01661612279713154,"y":-0.8935031890869141,"z":0.44759243726730349,"w":-0.03328600898385048},"size":0.39612287282943728,"orthographic":true}