{"cameraMode":{"drawMode":0,"name":"Shaded","section":"Shading Mode"},"sceneLighting":false,"audioPlay":false,"sceneViewState":{"m_AlwaysRefresh":false,"showFog":true,"showSkybox":false,"showFlares":true,"showImageEffects":true,"showParticleSystems":true,"showVisualEffectGraphs":true,"m_FxEnabled":true},"in2DMode":false,"pivot":{"x":0.04125271737575531,"y":0.031247612088918687,"z":-0.036525875329971316},"rotation":{"x":0.02617708593606949,"y":-0.13008901476860047,"z":0.0033914523664861919,"w":0.9911780953407288},"size":0.3701707124710083,"orthographic":true}