{"cameraMode":{"drawMode":0,"name":"Shaded","section":"Shading Mode"},"sceneLighting":false,"audioPlay":false,"sceneViewState":{"m_AlwaysRefresh":false,"showFog":true,"showSkybox":false,"showFlares":true,"showImageEffects":true,"showParticleSystems":true,"showVisualEffectGraphs":true,"m_FxEnabled":true},"in2DMode":false,"pivot":{"x":0.005076944828033447,"y":0.03053264692425728,"z":0.006127864122390747},"rotation":{"x":-0.1472160965204239,"y":0.8507080078125,"z":-0.32312601804733279,"w":-0.38758161664009097},"size":0.4765968322753906,"orthographic":false}