{"cameraMode":{"drawMode":0,"name":"Shaded","section":"Shading Mode"},"sceneLighting":false,"audioPlay":false,"sceneViewState":{"m_AlwaysRefresh":false,"showFog":true,"showSkybox":false,"showFlares":true,"showImageEffects":true,"showParticleSystems":true,"showVisualEffectGraphs":true,"m_FxEnabled":true},"in2DMode":false,"pivot":{"x":0.7981103658676148,"y":0.0936630517244339,"z":0.9240612983703613},"rotation":{"x":0.07686539739370346,"y":-0.9136434197425842,"z":0.3432357609272003,"w":0.20416194200515748},"size":0.40955618023872378,"orthographic":false}