{"cameraMode":{"drawMode":0,"name":"Shaded","section":"Shading Mode"},"sceneLighting":false,"audioPlay":false,"sceneViewState":{"m_AlwaysRefresh":false,"showFog":true,"showSkybox":false,"showFlares":true,"showImageEffects":true,"showParticleSystems":true,"showVisualEffectGraphs":true,"m_FxEnabled":true},"in2DMode":false,"pivot":{"x":0.005930870771408081,"y":0.03637039661407471,"z":0.007158547639846802},"rotation":{"x":-0.0793963149189949,"y":0.8730579614639282,"z":-0.45653530955314639,"w":-0.15184693038463593},"size":0.556806206703186,"orthographic":false}