{"cameraMode":{"drawMode":0,"name":"Shaded","section":"Shading Mode"},"sceneLighting":false,"audioPlay":false,"sceneViewState":{"m_AlwaysRefresh":false,"showFog":true,"showSkybox":false,"showFlares":true,"showImageEffects":true,"showParticleSystems":true,"showVisualEffectGraphs":true,"m_FxEnabled":true},"in2DMode":false,"pivot":{"x":0.005930870771408081,"y":0.03637039661407471,"z":0.007158547639846802},"rotation":{"x":-0.08409938961267472,"y":0.8778870701789856,"z":-0.44078895449638369,"w":-0.1676759570837021},"size":2.0568060874938967,"orthographic":false}