{"cameraMode":{"drawMode":0,"name":"Shaded","section":"Shading Mode"},"sceneLighting":false,"audioPlay":false,"sceneViewState":{"m_AlwaysRefresh":false,"showFog":true,"showSkybox":false,"showFlares":true,"showImageEffects":true,"showParticleSystems":true,"showVisualEffectGraphs":true,"m_FxEnabled":true},"in2DMode":false,"pivot":{"x":0.03750002384185791,"y":-0.6200001239776611,"z":1.1920928955078126e-7},"rotation":{"x":0.06671897321939469,"y":-0.8601078391075134,"z":0.11621350795030594,"w":0.49233752489089968},"size":2.787644624710083,"orthographic":false}