{"cameraMode":{"drawMode":0,"name":"Shaded","section":"Shading Mode"},"sceneLighting":false,"audioPlay":false,"sceneViewState":{"m_AlwaysRefresh":false,"showFog":true,"showSkybox":false,"showFlares":true,"showImageEffects":true,"showParticleSystems":true,"showVisualEffectGraphs":true,"m_FxEnabled":true},"in2DMode":false,"pivot":{"x":0.9490000009536743,"y":-1.3819999694824219,"z":0.7960000038146973},"rotation":{"x":0.23312999308109284,"y":-0.040243882685899737,"z":0.009656548500061036,"w":0.9715664982795715},"size":0.6086951494216919,"orthographic":false}