{"cameraMode":{"drawMode":0,"name":"Shaded","section":"Shading Mode"},"sceneLighting":false,"audioPlay":false,"sceneViewState":{"m_AlwaysRefresh":false,"showFog":true,"showSkybox":false,"showFlares":true,"showImageEffects":true,"showParticleSystems":true,"showVisualEffectGraphs":true,"m_FxEnabled":true},"in2DMode":false,"pivot":{"x":0.2343355417251587,"y":0.39928120374679568,"z":0.3716038465499878},"rotation":{"x":0.030356349423527719,"y":-0.9695377349853516,"z":0.16383521258831025,"w":0.1797235757112503},"size":-0.4659499526023865,"orthographic":false}