{"cameraMode":{"drawMode":0,"name":"Shaded","section":"Shading Mode"},"sceneLighting":false,"audioPlay":false,"sceneViewState":{"m_AlwaysRefresh":false,"showFog":true,"showSkybox":false,"showFlares":true,"showImageEffects":true,"showParticleSystems":true,"showVisualEffectGraphs":true,"m_FxEnabled":true},"in2DMode":false,"pivot":{"x":0.006774503737688065,"y":0.004977598786354065,"z":-0.1824924796819687},"rotation":{"x":-0.012808414176106453,"y":0.7031605243682861,"z":-0.7108128070831299,"w":-0.0126649746671319},"size":0.3229596018791199,"orthographic":false}