{"cameraMode":{"drawMode":0,"name":"Shaded","section":"Shading Mode"},"sceneLighting":false,"audioPlay":false,"sceneViewState":{"m_AlwaysRefresh":false,"showFog":true,"showSkybox":false,"showFlares":true,"showImageEffects":true,"showParticleSystems":true,"showVisualEffectGraphs":true,"m_FxEnabled":true},"in2DMode":false,"pivot":{"x":0.0041103363037109379,"y":0.02471952885389328,"z":0.004961162805557251},"rotation":{"x":-0.05959393084049225,"y":0.853246808052063,"z":-0.5083459615707398,"w":-0.10002748668193817},"size":0.3858574330806732,"orthographic":false}