{"cameraMode":{"drawMode":0,"name":"Shaded","section":"Shading Mode"},"sceneLighting":false,"audioPlay":false,"sceneViewState":{"m_AlwaysRefresh":false,"showFog":true,"showSkybox":false,"showFlares":true,"showImageEffects":true,"showParticleSystems":true,"showVisualEffectGraphs":true,"m_FxEnabled":true},"in2DMode":false,"pivot":{"x":0.005076944828033447,"y":0.03053264692425728,"z":0.006127864122390747},"rotation":{"x":-0.16690640151500703,"y":0.7562938928604126,"z":-0.211753711104393,"w":-0.5961065888404846},"size":0.4765968322753906,"orthographic":false}