{"cameraMode":{"drawMode":0,"name":"Shaded","section":"Shading Mode"},"sceneLighting":false,"audioPlay":false,"sceneViewState":{"m_AlwaysRefresh":false,"showFog":true,"showSkybox":false,"showFlares":true,"showImageEffects":true,"showParticleSystems":true,"showVisualEffectGraphs":true,"m_FxEnabled":true},"in2DMode":false,"pivot":{"x":0.03981977701187134,"y":-0.023860111832618715,"z":0.053444117307662967},"rotation":{"x":0.05118595436215401,"y":-0.826420783996582,"z":0.5556039214134216,"w":0.07604188472032547},"size":0.5990495085716248,"orthographic":true}