{"cameraMode":{"drawMode":0,"name":"Shaded","section":"Shading Mode"},"sceneLighting":false,"audioPlay":false,"sceneViewState":{"m_AlwaysRefresh":false,"showFog":true,"showSkybox":false,"showFlares":true,"showImageEffects":true,"showParticleSystems":true,"showVisualEffectGraphs":true,"m_FxEnabled":true},"in2DMode":false,"pivot":{"x":-0.030999988317489625,"y":0.3208000063896179,"z":0.12059998512268067},"rotation":{"x":0.32264241576194765,"y":0.29564130306243899,"z":-0.10697410255670548,"w":0.892832338809967},"size":0.9927164316177368,"orthographic":false}