{"cameraMode":{"drawMode":0,"name":"Shaded","section":"Shading Mode"},"sceneLighting":false,"audioPlay":false,"sceneViewState":{"m_AlwaysRefresh":false,"showFog":true,"showSkybox":false,"showFlares":true,"showImageEffects":true,"showParticleSystems":true,"showVisualEffectGraphs":true,"m_FxEnabled":true},"in2DMode":false,"pivot":{"x":-0.28244245052337649,"y":0.1678869128227234,"z":0.2045443058013916},"rotation":{"x":-0.16323432326316834,"y":0.8217776417732239,"z":-0.29007887840270998,"w":-0.46258583664894106},"size":0.4439544677734375,"orthographic":false}