{"cameraMode":{"drawMode":0,"name":"Shaded","section":"Shading Mode"},"sceneLighting":false,"audioPlay":false,"sceneViewState":{"m_AlwaysRefresh":false,"showFog":true,"showSkybox":false,"showFlares":true,"showImageEffects":true,"showParticleSystems":true,"showVisualEffectGraphs":true,"m_FxEnabled":true},"in2DMode":false,"pivot":{"x":-0.001999795436859131,"y":0.1716080904006958,"z":-0.938643217086792},"rotation":{"x":0.49808648228645327,"y":-0.3181731104850769,"z":0.20299914479255677,"w":0.7806912064552307},"size":0.8789893984794617,"orthographic":false}