{"cameraMode":{"drawMode":0,"name":"Shaded","section":"Shading Mode"},"sceneLighting":false,"audioPlay":false,"sceneViewState":{"m_AlwaysRefresh":false,"showFog":true,"showSkybox":false,"showFlares":true,"showImageEffects":true,"showParticleSystems":true,"showVisualEffectGraphs":true,"m_FxEnabled":true},"in2DMode":false,"pivot":{"x":0.011639922857284546,"y":0.0017095934599637986,"z":-0.00969955325126648},"rotation":{"x":0.01788926310837269,"y":-0.810989499092102,"z":0.5842646956443787,"w":0.024828149005770685},"size":0.38573792576789858,"orthographic":false}